name,email,phone,ssn,notes
Test User 1,user1@example.com,4045551001,101-11-1001,
Test User 2,,,,
Test User 3,,,,
Test User 4,,,,
Test User 5,,,,
Test User 6,,,,
Test User 7,,,,
Test User 8,,,,
Test User 9,,,,
Test User 10,,,,
Test User 11,,,,
Test User 12,,,,
Test User 13,,,,
Test User 14,,,,
Test User 15,,,,
Test User 16,,,,
Test User 17,,,,
Test User 18,,,,
Test User 19,,,,
Test User 20,,,,
Test User 21,,,,
Test User 22,,,,
Test User 23,,,,
Test User 24,,,,
Test User 25,,,,
Test User 26,,,,
Test User 27,,,,
Test User 28,,,,
Test User 29,,,,
Test User 30,,,,
Test User 31,,,,
Test User 32,,,,
Test User 33,,,,
Test User 34,,,,
Test User 35,,,,
Test User 36,,,,
Test User 37,,,,
Test User 38,,,,
Test User 39,,,,
Test User 40,,,,
Test User 41,,,,
Test User 42,,,,
Test User 43,,,,
Test User 44,,,,
Test User 45,,,,
Test User 46,,,,
Test User 47,,,,
Test User 48,,,,
Test User 49,,,,
Test User 50,,,,
Test User 51,,,,
Test User 52,,,,
Test User 53,,,,
Test User 54,,,,
Test User 55,,,,
Test User 56,,,,
Test User 57,,,,
Test User 58,,,,
Test User 59,,,,
Test User 60,,,,
Test User 61,,,,
Test User 62,,,,
Test User 63,,,,
Test User 64,,,,
Test User 65,,,,
Test User 66,,,,
Test User 67,,,,
Test User 68,,,,
Test User 69,,,,
Test User 70,,,,
Test User 71,,,,
Test User 72,,,,
Test User 73,,,,
Test User 74,,,,
Test User 75,,,,
Test User 76,,,,
Test User 77,,,,
Test User 78,,,,
Test User 79,,,,
Test User 80,,,,
Test User 81,,,,
Test User 82,,,,
Test User 83,,,,
Test User 84,,,,
Test User 85,,,,
Test User 86,,,,
Test User 87,,,,
Test User 88,,,,
Test User 89,,,,
Test User 90,,,,
Test User 91,,,,
Test User 92,,,,
Test User 93,,,,
Test User 94,,,,
Test User 95,,,,
Test User 96,,,,
Test User 97,,,,
Test User 98,,,,
Test User 99,,,,
Test User 100,,,,
