record_id,customer_name,email,phone,ssn,zip,customer_notes,col16,long_narrative,non_pii_status
1,Alex Adams,alex.adams1@example.com,404-555-1001,101-11-1001,30101,"Customer Alex Adams called about billing question. The customer stated the service address is 789 Pine Avenue, Montgomery AL 30101. Follow up by phone at 404-555-1001 or by email at alex.adams1@example.com before closing the request.",Field note: Alex Adams met the technician near 789 Pine Avenue in Montgomery AL. The record mentions possible sensitive contact details and should be reviewed before cloud upload.,"This longer free text value is intentionally designed to trigger NLP entity detection. Alex Adams requested that documents be mailed to 789 Pine Avenue, Montgomery AL 30101. The note includes contact information embedded in a sentence rather than clean structured columns.",closed
2,Jordan Davis,jordan.davis2@example.com,404-555-1002,102-12-1002,30102,"Customer Jordan Davis called about service transfer. The customer stated the service address is 654 Hillcrest Lane, Nashville TN 30102. Follow up by phone at 404-555-1002 or by email at jordan.davis2@example.com before closing the request.",Field note: Jordan Davis met the technician near 654 Hillcrest Lane in Nashville TN. The record mentions possible sensitive contact details and should be reviewed before cloud upload.,"This longer free text value is intentionally designed to trigger NLP entity detection. Jordan Davis requested that documents be mailed to 654 Hillcrest Lane, Nashville TN 30102. The note includes contact information embedded in a sentence rather than clean structured columns.",Pending 
3,Taylor Gray,,404-555-1003,103-13-1003,30103,"Customer Taylor Gray called about password reset. The customer stated the service address is 147 Market Street, Savannah GA 30103. Follow up by phone at 404-555-1003 or by email at taylor.gray3@example.com before closing the request.",Field note: Taylor Gray met the technician near 147 Market Street in Savannah GA. The record mentions possible sensitive contact details and should be reviewed before cloud upload.,"This longer free text value is intentionally designed to trigger NLP entity detection. Taylor Gray requested that documents be mailed to 147 Market Street, Savannah GA 30103. The note includes contact information embedded in a sentence rather than clean structured columns.",review
4,Morgan Parker,morgan.parker4@example.com,404-555-1004,104-14-1004,30104,"Customer Morgan Parker called about field inspection. The customer stated the service address is 123 Main Street, Charlotte NC 30104. Follow up by phone at 404-555-1004 or by email at morgan.parker4@example.com before closing the request.",Field note: Morgan Parker met the technician near 123 Main Street in Charlotte NC. The record mentions possible sensitive contact details and should be reviewed before cloud upload.,"This longer free text value is intentionally designed to trigger NLP entity detection. Morgan Parker requested that documents be mailed to 123 Main Street, Charlotte NC 30104. The note includes contact information embedded in a sentence rather than clean structured columns.",open
5,Casey Adams,casey.adams5.example.com,404-555-1005,105-15-1005,30105,"Customer Casey Adams called about data correction. The customer stated the service address is 789 Pine Avenue, Birmingham AL 30105. Follow up by phone at 404-555-1005 or by email at casey.adams5@example.com before closing the request.",Field note: Casey Adams met the technician near 789 Pine Avenue in Birmingham AL. The record mentions possible sensitive contact details and should be reviewed before cloud upload.,"This longer free text value is intentionally designed to trigger NLP entity detection. Casey Adams requested that documents be mailed to 789 Pine Avenue, Birmingham AL 30105. The note includes contact information embedded in a sentence rather than clean structured columns.",closed
6,Riley Davis,riley.davis6@example.com,404-555-1006,106-16-1006,30106,"Customer Riley Davis called about project approval. The customer stated the service address is 654 Hillcrest Lane, Atlanta GA 30106. Follow up by phone at 404-555-1006 or by email at riley.davis6@example.com before closing the request.",Field note: Riley Davis met the technician near 654 Hillcrest Lane in Atlanta GA. The record mentions possible sensitive contact details and should be reviewed before cloud upload.,"This longer free text value is intentionally designed to trigger NLP entity detection. Riley Davis requested that documents be mailed to 654 Hillcrest Lane, Atlanta GA 30106. The note includes contact information embedded in a sentence rather than clean structured columns.",pending
7,Jamie Gray,jamie.gray7@example.com,NULL,107-17-1007,30107,"Customer Jamie Gray called about meter reading dispute. The customer stated the service address is 147 Market Street, Montgomery AL 30107. Follow up by phone at 404-555-1007 or by email at jamie.gray7@example.com before closing the request.",Field note: Jamie Gray met the technician near 147 Market Street in Montgomery AL. The record mentions possible sensitive contact details and should be reviewed before cloud upload.,"This longer free text value is intentionally designed to trigger NLP entity detection. Jamie Gray requested that documents be mailed to 147 Market Street, Montgomery AL 30107. The note includes contact information embedded in a sentence rather than clean structured columns.",review
8,Avery Parker,avery.parker8@example.com,404-555-1008,108-18-1008,30108,"Customer Avery Parker called about account access. The customer stated the service address is 123 Main Street, Nashville TN 30108. Follow up by phone at 404-555-1008 or by email at avery.parker8@example.com before closing the request.",Field note: Avery Parker met the technician near 123 Main Street in Nashville TN. The record mentions possible sensitive contact details and should be reviewed before cloud upload.,"This longer free text value is intentionally designed to trigger NLP entity detection. Avery Parker requested that documents be mailed to 123 Main Street, Nashville TN 30108. The note includes contact information embedded in a sentence rather than clean structured columns.",OPEN
9,Cameron Adams,cameron.adams9@example.com,404-555-1009,109-19-1009,30109,"Customer Cameron Adams called about billing question. The customer stated the service address is 789 Pine Avenue, Savannah GA 30109. Follow up by phone at 404-555-1009 or by email at cameron.adams9@example.com before closing the request.",Field note: Cameron Adams met the technician near 789 Pine Avenue in Savannah GA. The record mentions possible sensitive contact details and should be reviewed before cloud upload.,"This longer free text value is intentionally designed to trigger NLP entity detection. Cameron Adams requested that documents be mailed to 789 Pine Avenue, Savannah GA 30109. The note includes contact information embedded in a sentence rather than clean structured columns.",closed
10,Drew Davis,drew.davis10@,404-555-1010,110-20-1010,30110,"Customer Drew Davis called about service transfer. The customer stated the service address is 654 Hillcrest Lane, Charlotte NC 30110. Follow up by phone at 404-555-1010 or by email at drew.davis10@example.com before closing the request.",Field note: Drew Davis met the technician near 654 Hillcrest Lane in Charlotte NC. The record mentions possible sensitive contact details and should be reviewed before cloud upload.,"This longer free text value is intentionally designed to trigger NLP entity detection. Drew Davis requested that documents be mailed to 654 Hillcrest Lane, Charlotte NC 30110. The note includes contact information embedded in a sentence rather than clean structured columns.",pending
11,Reese Gray,reese.gray11@example.com,404-555-1011,111-21-1011,30111,"Customer Reese Gray called about password reset. The customer stated the service address is 147 Market Street, Birmingham AL 30111. Follow up by phone at 404-555-1011 or by email at reese.gray11@example.com before closing the request.",Field note: Reese Gray met the technician near 147 Market Street in Birmingham AL. The record mentions possible sensitive contact details and should be reviewed before cloud upload.,"This longer free text value is intentionally designed to trigger NLP entity detection. Reese Gray requested that documents be mailed to 147 Market Street, Birmingham AL 30111. The note includes contact information embedded in a sentence rather than clean structured columns.",review
12,Quinn Parker,quinn.parker12@example.com,404-555-1012,112-22-1012,30112,"Customer Quinn Parker called about field inspection. The customer stated the service address is 123 Main Street, Atlanta GA 30112. Follow up by phone at 404-555-1012 or by email at quinn.parker12@example.com before closing the request.",Field note: Quinn Parker met the technician near 123 Main Street in Atlanta GA. The record mentions possible sensitive contact details and should be reviewed before cloud upload.,"This longer free text value is intentionally designed to trigger NLP entity detection. Quinn Parker requested that documents be mailed to 123 Main Street, Atlanta GA 30112. The note includes contact information embedded in a sentence rather than clean structured columns.",in progress
13,Alex Adams,alex.adams13@example.com,404-555-1013,113-23-1013,30113,"Customer Alex Adams called about data correction. The customer stated the service address is 789 Pine Avenue, Montgomery AL 30113. Follow up by phone at 404-555-1013 or by email at alex.adams13@example.com before closing the request.",Field note: Alex Adams met the technician near 789 Pine Avenue in Montgomery AL. The record mentions possible sensitive contact details and should be reviewed before cloud upload.,"This longer free text value is intentionally designed to trigger NLP entity detection. Alex Adams requested that documents be mailed to 789 Pine Avenue, Montgomery AL 30113. The note includes contact information embedded in a sentence rather than clean structured columns.",closed
14,Jordan Davis,jordan.davis14@example.com,404-555-1014,114-24-1014,30114,"Customer Jordan Davis called about project approval. The customer stated the service address is 654 Hillcrest Lane, Nashville TN 30114. Follow up by phone at 404-555-1014 or by email at jordan.davis14@example.com before closing the request.",Field note: Jordan Davis met the technician near 654 Hillcrest Lane in Nashville TN. The record mentions possible sensitive contact details and should be reviewed before cloud upload.,"This longer free text value is intentionally designed to trigger NLP entity detection. Jordan Davis requested that documents be mailed to 654 Hillcrest Lane, Nashville TN 30114. The note includes contact information embedded in a sentence rather than clean structured columns.",pending
15,,taylor.gray15@example.com,404-555-1015,115-25-1015,30115,"Customer Taylor Gray called about meter reading dispute. The customer stated the service address is 147 Market Street, Savannah GA 30115. Follow up by phone at 404-555-1015 or by email at taylor.gray15@example.com before closing the request.",Field note: Taylor Gray met the technician near 147 Market Street in Savannah GA. The record mentions possible sensitive contact details and should be reviewed before cloud upload.,"This longer free text value is intentionally designed to trigger NLP entity detection. Taylor Gray requested that documents be mailed to 147 Market Street, Savannah GA 30115. The note includes contact information embedded in a sentence rather than clean structured columns.",review
16,Morgan Parker,morgan.parker16@example.com,404-555-1016,116-26-1016,30116,"Customer Morgan Parker called about account access. The customer stated the service address is 123 Main Street, Charlotte NC 30116. Follow up by phone at 404-555-1016 or by email at morgan.parker16@example.com before closing the request.",Field note: Morgan Parker met the technician near 123 Main Street in Charlotte NC. The record mentions possible sensitive contact details and should be reviewed before cloud upload.,"This longer free text value is intentionally designed to trigger NLP entity detection. Morgan Parker requested that documents be mailed to 123 Main Street, Charlotte NC 30116. The note includes contact information embedded in a sentence rather than clean structured columns.",open
17,Casey Adams,casey.adams17@example.com,404-555-1017,117-27-1017,30117,"Customer Casey Adams called about billing question. The customer stated the service address is 789 Pine Avenue, Birmingham AL 30117. Follow up by phone at 404-555-1017 or by email at casey.adams17@example.com before closing the request.",Field note: Casey Adams met the technician near 789 Pine Avenue in Birmingham AL. The record mentions possible sensitive contact details and should be reviewed before cloud upload.,"This longer free text value is intentionally designed to trigger NLP entity detection. Casey Adams requested that documents be mailed to 789 Pine Avenue, Birmingham AL 30117. The note includes contact information embedded in a sentence rather than clean structured columns.",closed
18,Riley Davis,riley.davis18@example.com,404-555-1018,118-28-1018,30118,"Customer Riley Davis called about service transfer. The customer stated the service address is 654 Hillcrest Lane, Atlanta GA 30118. Follow up by phone at 404-555-1018 or by email at riley.davis18@example.com before closing the request.",Field note: Riley Davis met the technician near 654 Hillcrest Lane in Atlanta GA. The record mentions possible sensitive contact details and should be reviewed before cloud upload.,"This longer free text value is intentionally designed to trigger NLP entity detection. Riley Davis requested that documents be mailed to 654 Hillcrest Lane, Atlanta GA 30118. The note includes contact information embedded in a sentence rather than clean structured columns.",pending
19,Jamie Gray,jamie.gray19@example.com,4045551019,119-29-1019,30119,"Customer Jamie Gray called about password reset. The customer stated the service address is 147 Market Street, Montgomery AL 30119. Follow up by phone at 404-555-1019 or by email at jamie.gray19@example.com before closing the request.",Field note: Jamie Gray met the technician near 147 Market Street in Montgomery AL. The record mentions possible sensitive contact details and should be reviewed before cloud upload.,"This longer free text value is intentionally designed to trigger NLP entity detection. Jamie Gray requested that documents be mailed to 147 Market Street, Montgomery AL 30119. The note includes contact information embedded in a sentence rather than clean structured columns.",review
20,Avery Parker,avery.parker20@example.com,404-555-1020,120-30-1020,30120,"Customer Avery Parker called about field inspection. The customer stated the service address is 123 Main Street, Nashville TN 30120. Follow up by phone at 404-555-1020 or by email at avery.parker20@example.com before closing the request.",Field note: Avery Parker met the technician near 123 Main Street in Nashville TN. The record mentions possible sensitive contact details and should be reviewed before cloud upload.,"This longer free text value is intentionally designed to trigger NLP entity detection. Avery Parker requested that documents be mailed to 123 Main Street, Nashville TN 30120. The note includes contact information embedded in a sentence rather than clean structured columns.",open
21,Cameron Adams,cameron.adams21@example.com,404-555-1021,121-31-1021,30121,"Customer Cameron Adams called about data correction. The customer stated the service address is 789 Pine Avenue, Savannah GA 30121. Follow up by phone at 404-555-1021 or by email at cameron.adams21@example.com before closing the request.",Field note: Cameron Adams met the technician near 789 Pine Avenue in Savannah GA. The record mentions possible sensitive contact details and should be reviewed before cloud upload.,"This longer free text value is intentionally designed to trigger NLP entity detection. Cameron Adams requested that documents be mailed to 789 Pine Avenue, Savannah GA 30121. The note includes contact information embedded in a sentence rather than clean structured columns.",closed
22,Drew Davis,drew.davis22@example.com,404-555-1022,122-32-1022,30122,"Customer Drew Davis called about project approval. The customer stated the service address is 654 Hillcrest Lane, Charlotte NC 30122. Follow up by phone at 404-555-1022 or by email at drew.davis22@example.com before closing the request.",Field note: Drew Davis met the technician near 654 Hillcrest Lane in Charlotte NC. The record mentions possible sensitive contact details and should be reviewed before cloud upload.,"This longer free text value is intentionally designed to trigger NLP entity detection. Drew Davis requested that documents be mailed to 654 Hillcrest Lane, Charlotte NC 30122. The note includes contact information embedded in a sentence rather than clean structured columns.",pending
23,Reese Gray,reese.gray23@example.com,404-555-1023,123-33-1023,30123,"Customer Reese Gray called about meter reading dispute. The customer stated the service address is 147 Market Street, Birmingham AL 30123. Follow up by phone at 404-555-1023 or by email at reese.gray23@example.com before closing the request.",Field note: Reese Gray met the technician near 147 Market Street in Birmingham AL. The record mentions possible sensitive contact details and should be reviewed before cloud upload.,,review
24,Quinn Parker,quinn.parker24@example.com,404-555-1024,124-34-1024,30124,"Customer Quinn Parker called about account access. The customer stated the service address is 123 Main Street, Atlanta GA 30124. Follow up by phone at 404-555-1024 or by email at quinn.parker24@example.com before closing the request.",Field note: Quinn Parker met the technician near 123 Main Street in Atlanta GA. The record mentions possible sensitive contact details and should be reviewed before cloud upload.,"This longer free text value is intentionally designed to trigger NLP entity detection. Quinn Parker requested that documents be mailed to 123 Main Street, Atlanta GA 30124. The note includes contact information embedded in a sentence rather than clean structured columns.",open
25,Alex Adams,alex.adams25@example.com,404-555-1025,125-35-1025,30125,"Customer Alex Adams called about billing question. The customer stated the service address is 789 Pine Avenue, Montgomery AL 30125. Follow up by phone at 404-555-1025 or by email at alex.adams25@example.com before closing the request.",Field note: Alex Adams met the technician near 789 Pine Avenue in Montgomery AL. The record mentions possible sensitive contact details and should be reviewed before cloud upload.,"This longer free text value is intentionally designed to trigger NLP entity detection. Alex Adams requested that documents be mailed to 789 Pine Avenue, Montgomery AL 30125. The note includes contact information embedded in a sentence rather than clean structured columns.",closed
26,Jordan Davis,jordan.davis26@example.com,404-55A-1026,126-36-1026,30126,"Customer Jordan Davis called about service transfer. The customer stated the service address is 654 Hillcrest Lane, Nashville TN 30126. Follow up by phone at 404-555-1026 or by email at jordan.davis26@example.com before closing the request.",Field note: Jordan Davis met the technician near 654 Hillcrest Lane in Nashville TN. The record mentions possible sensitive contact details and should be reviewed before cloud upload.,"This longer free text value is intentionally designed to trigger NLP entity detection. Jordan Davis requested that documents be mailed to 654 Hillcrest Lane, Nashville TN 30126. The note includes contact information embedded in a sentence rather than clean structured columns.",pending
27,Taylor Gray,taylor.gray27@example.com,404-555-1027,127-37-1027,30127,"Customer Taylor Gray called about password reset. The customer stated the service address is 147 Market Street, Savannah GA 30127. Follow up by phone at 404-555-1027 or by email at taylor.gray27@example.com before closing the request.",Field note: Taylor Gray met the technician near 147 Market Street in Savannah GA. The record mentions possible sensitive contact details and should be reviewed before cloud upload.,"This longer free text value is intentionally designed to trigger NLP entity detection. Taylor Gray requested that documents be mailed to 147 Market Street, Savannah GA 30127. The note includes contact information embedded in a sentence rather than clean structured columns.",review
28,Morgan Parker,morgan.parker28@example.com,404-555-1028,128-38-1028,30128,"Customer Morgan Parker called about field inspection. The customer stated the service address is 123 Main Street, Charlotte NC 30128. Follow up by phone at 404-555-1028 or by email at morgan.parker28@example.com before closing the request.",Field note: Morgan Parker met the technician near 123 Main Street in Charlotte NC. The record mentions possible sensitive contact details and should be reviewed before cloud upload.,"This longer free text value is intentionally designed to trigger NLP entity detection. Morgan Parker requested that documents be mailed to 123 Main Street, Charlotte NC 30128. The note includes contact information embedded in a sentence rather than clean structured columns.",open
29,Casey Adams,casey.adams29@example.com,404-555-1029,129-39-1029,30129,"Customer Casey Adams called about data correction. The customer stated the service address is 789 Pine Avenue, Birmingham AL 30129. Follow up by phone at 404-555-1029 or by email at casey.adams29@example.com before closing the request.",Field note: Casey Adams met the technician near 789 Pine Avenue in Birmingham AL. The record mentions possible sensitive contact details and should be reviewed before cloud upload.,"This longer free text value is intentionally designed to trigger NLP entity detection. Casey Adams requested that documents be mailed to 789 Pine Avenue, Birmingham AL 30129. The note includes contact information embedded in a sentence rather than clean structured columns.",closed
30,  Riley Davis  ,riley.davis30@example.com,404-555-1030,130-40-1030,30130,"Customer Riley Davis called about project approval. The customer stated the service address is 654 Hillcrest Lane, Atlanta GA 30130. Follow up by phone at 404-555-1030 or by email at riley.davis30@example.com before closing the request.",Field note: Riley Davis met the technician near 654 Hillcrest Lane in Atlanta GA. The record mentions possible sensitive contact details and should be reviewed before cloud upload.,"This longer free text value is intentionally designed to trigger NLP entity detection. Riley Davis requested that documents be mailed to 654 Hillcrest Lane, Atlanta GA 30130. The note includes contact information embedded in a sentence rather than clean structured columns.",pending
31,Jamie Gray,jamie.gray31@example.com,404-555-1031,131-41-1031,30131,"Customer Jamie Gray called about meter reading dispute. The customer stated the service address is 147 Market Street, Montgomery AL 30131. Follow up by phone at 404-555-1031 or by email at jamie.gray31@example.com before closing the request.",Field note: Jamie Gray met the technician near 147 Market Street in Montgomery AL. The record mentions possible sensitive contact details and should be reviewed before cloud upload.,"This longer free text value is intentionally designed to trigger NLP entity detection. Jamie Gray requested that documents be mailed to 147 Market Street, Montgomery AL 30131. The note includes contact information embedded in a sentence rather than clean structured columns.",review
32,Avery Parker,avery.parker32@example.com,404-555-1032,132-42-103,30132,"Customer Avery Parker called about account access. The customer stated the service address is 123 Main Street, Nashville TN 30132. Follow up by phone at 404-555-1032 or by email at avery.parker32@example.com before closing the request.",Field note: Avery Parker met the technician near 123 Main Street in Nashville TN. The record mentions possible sensitive contact details and should be reviewed before cloud upload.,"This longer free text value is intentionally designed to trigger NLP entity detection. Avery Parker requested that documents be mailed to 123 Main Street, Nashville TN 30132. The note includes contact information embedded in a sentence rather than clean structured columns.",open
33,Cameron Adams,cameron.adams33@example.com,404-555-1033,133-43-1033,30133,"Customer Cameron Adams called about billing question. The customer stated the service address is 789 Pine Avenue, Savannah GA 30133. Follow up by phone at 404-555-1033 or by email at cameron.adams33@example.com before closing the request.",Field note: Cameron Adams met the technician near 789 Pine Avenue in Savannah GA. The record mentions possible sensitive contact details and should be reviewed before cloud upload.,"This longer free text value is intentionally designed to trigger NLP entity detection. Cameron Adams requested that documents be mailed to 789 Pine Avenue, Savannah GA 30133. The note includes contact information embedded in a sentence rather than clean structured columns.",closed
34,Drew Davis,drew.davis34@example.com,404-555-1034,134-44-1034,30134,"Customer Drew Davis called about service transfer. The customer stated the service address is 654 Hillcrest Lane, Charlotte NC 30134. Follow up by phone at 404-555-1034 or by email at drew.davis34@example.com before closing the request.",Field note: Drew Davis met the technician near 654 Hillcrest Lane in Charlotte NC. The record mentions possible sensitive contact details and should be reviewed before cloud upload.,"This longer free text value is intentionally designed to trigger NLP entity detection. Drew Davis requested that documents be mailed to 654 Hillcrest Lane, Charlotte NC 30134. The note includes contact information embedded in a sentence rather than clean structured columns.",pending
35,Reese Gray,reese.gray35@example.com,404-555-1035,135-45-1035,30135,"Customer Reese Gray called about password reset. The customer stated the service address is 147 Market Street, Birmingham AL 30135. Follow up by phone at 404-555-1035 or by email at reese.gray35@example.com before closing the request.",Field note: Reese Gray met the technician near 147 Market Street in Birmingham AL. The record mentions possible sensitive contact details and should be reviewed before cloud upload.,"This longer free text value is intentionally designed to trigger NLP entity detection. Reese Gray requested that documents be mailed to 147 Market Street, Birmingham AL 30135. The note includes contact information embedded in a sentence rather than clean structured columns.",
36,Quinn Parker,quinn.parker36@example.com,404-555-1036,136-46-1036,30136,"Customer Quinn Parker called about field inspection. The customer stated the service address is 123 Main Street, Atlanta GA 30136. Follow up by phone at 404-555-1036 or by email at quinn.parker36@example.com before closing the request.",Field note: Quinn Parker met the technician near 123 Main Street in Atlanta GA. The record mentions possible sensitive contact details and should be reviewed before cloud upload.,"This longer free text value is intentionally designed to trigger NLP entity detection. Quinn Parker requested that documents be mailed to 123 Main Street, Atlanta GA 30136. The note includes contact information embedded in a sentence rather than clean structured columns.",open
37,Alex Adams,alex.adams37@example.com,404-555-1037,137-47-1037,30137,"Customer Alex Adams called about data correction. The customer stated the service address is 789 Pine Avenue, Montgomery AL 30137. Follow up by phone at 404-555-1037 or by email at alex.adams37@example.com before closing the request.",Field note: Alex Adams met the technician near 789 Pine Avenue in Montgomery AL. The record mentions possible sensitive contact details and should be reviewed before cloud upload.,"This longer free text value is intentionally designed to trigger NLP entity detection. Alex Adams requested that documents be mailed to 789 Pine Avenue, Montgomery AL 30137. The note includes contact information embedded in a sentence rather than clean structured columns.",closed
38,Jordan Davis,jordan.davis38@example.com,404-555-1038,000-00-0000,30138,"Customer Jordan Davis called about project approval. The customer stated the service address is 654 Hillcrest Lane, Nashville TN 30138. Follow up by phone at 404-555-1038 or by email at jordan.davis38@example.com before closing the request.",Field note: Jordan Davis met the technician near 654 Hillcrest Lane in Nashville TN. The record mentions possible sensitive contact details and should be reviewed before cloud upload.,"This longer free text value is intentionally designed to trigger NLP entity detection. Jordan Davis requested that documents be mailed to 654 Hillcrest Lane, Nashville TN 30138. The note includes contact information embedded in a sentence rather than clean structured columns.",pending
39,Taylor Gray,taylor.gray39@example.com,404-555-1039,139-49-1039,30139,"Customer Taylor Gray called about meter reading dispute. The customer stated the service address is 147 Market Street, Savannah GA 30139. Follow up by phone at 404-555-1039 or by email at taylor.gray39@example.com before closing the request.",Field note: Taylor Gray met the technician near 147 Market Street in Savannah GA. The record mentions possible sensitive contact details and should be reviewed before cloud upload.,"This longer free text value is intentionally designed to trigger NLP entity detection. Taylor Gray requested that documents be mailed to 147 Market Street, Savannah GA 30139. The note includes contact information embedded in a sentence rather than clean structured columns.",review
40,Morgan Parker, MORGAN.PARKER40@EXAMPLE.COM ,404-555-1040,140-50-1040,30140,"Customer Morgan Parker called about account access. The customer stated the service address is 123 Main Street, Charlotte NC 30140. Follow up by phone at 404-555-1040 or by email at morgan.parker40@example.com before closing the request.",Field note: Morgan Parker met the technician near 123 Main Street in Charlotte NC. The record mentions possible sensitive contact details and should be reviewed before cloud upload.,"This longer free text value is intentionally designed to trigger NLP entity detection. Morgan Parker requested that documents be mailed to 123 Main Street, Charlotte NC 30140. The note includes contact information embedded in a sentence rather than clean structured columns.",open
41,Casey Adams,casey.adams41@example.com,404-555-1041,141-51-1041,30141,"Customer Casey Adams called about billing question. The customer stated the service address is 789 Pine Avenue, Birmingham AL 30141. Follow up by phone at 404-555-1041 or by email at casey.adams41@example.com before closing the request.",Field note: Casey Adams met the technician near 789 Pine Avenue in Birmingham AL. The record mentions possible sensitive contact details and should be reviewed before cloud upload.,"This longer free text value is intentionally designed to trigger NLP entity detection. Casey Adams requested that documents be mailed to 789 Pine Avenue, Birmingham AL 30141. The note includes contact information embedded in a sentence rather than clean structured columns.",closed
42,Riley Davis,riley.davis42@example.com,404-555-1042,142-52-1042,30142,"Customer Riley Davis called about service transfer. The customer stated the service address is 654 Hillcrest Lane, Atlanta GA 30142. Follow up by phone at 404-555-1042 or by email at riley.davis42@example.com before closing the request.",Field note: Riley Davis met the technician near 654 Hillcrest Lane in Atlanta GA. The record mentions possible sensitive contact details and should be reviewed before cloud upload.,"This longer free text value is intentionally designed to trigger NLP entity detection. Riley Davis requested that documents be mailed to 654 Hillcrest Lane, Atlanta GA 30142. The note includes contact information embedded in a sentence rather than clean structured columns.",pending
43,Jamie Gray,jamie.gray43@example.com,404-555-1043,143-53-1043,30143,"Customer Jamie Gray called about password reset. The customer stated the service address is 147 Market Street, Montgomery AL 30143. Follow up by phone at 404-555-1043 or by email at jamie.gray43@example.com before closing the request.",Field note: Jamie Gray met the technician near 147 Market Street in Montgomery AL. The record mentions possible sensitive contact details and should be reviewed before cloud upload.,"This longer free text value is intentionally designed to trigger NLP entity detection. Jamie Gray requested that documents be mailed to 147 Market Street, Montgomery AL 30143. The note includes contact information embedded in a sentence rather than clean structured columns.",review
44,Avery Parker,avery.parker44@example.com,404-555-1044,144-54-1044,ABCDE,"Customer Avery Parker called about field inspection. The customer stated the service address is 123 Main Street, Nashville TN 30144. Follow up by phone at 404-555-1044 or by email at avery.parker44@example.com before closing the request.",Field note: Avery Parker met the technician near 123 Main Street in Nashville TN. The record mentions possible sensitive contact details and should be reviewed before cloud upload.,"This longer free text value is intentionally designed to trigger NLP entity detection. Avery Parker requested that documents be mailed to 123 Main Street, Nashville TN 30144. The note includes contact information embedded in a sentence rather than clean structured columns.",open
45,Cameron Adams,cameron.adams45@example.com,404-555-1045,145-55-1045,30145,"Customer Cameron Adams called about data correction. The customer stated the service address is 789 Pine Avenue, Savannah GA 30145. Follow up by phone at 404-555-1045 or by email at cameron.adams45@example.com before closing the request.",Field note: Cameron Adams met the technician near 789 Pine Avenue in Savannah GA. The record mentions possible sensitive contact details and should be reviewed before cloud upload.,"This longer free text value is intentionally designed to trigger NLP entity detection. Cameron Adams requested that documents be mailed to 789 Pine Avenue, Savannah GA 30145. The note includes contact information embedded in a sentence rather than clean structured columns.",closed
46,Drew Davis,drew.davis46@example.com,(404) 555-1046,146-56-1046,30146,"Customer Drew Davis called about project approval. The customer stated the service address is 654 Hillcrest Lane, Charlotte NC 30146. Follow up by phone at 404-555-1046 or by email at drew.davis46@example.com before closing the request.",Field note: Drew Davis met the technician near 654 Hillcrest Lane in Charlotte NC. The record mentions possible sensitive contact details and should be reviewed before cloud upload.,"This longer free text value is intentionally designed to trigger NLP entity detection. Drew Davis requested that documents be mailed to 654 Hillcrest Lane, Charlotte NC 30146. The note includes contact information embedded in a sentence rather than clean structured columns.",pending
47,Reese Gray,reese.gray47@example.com,404-555-1047,147-57-1047,30147,"Customer Reese Gray called about meter reading dispute. The customer stated the service address is 147 Market Street, Birmingham AL 30147. Follow up by phone at 404-555-1047 or by email at reese.gray47@example.com before closing the request.",Field note: Reese Gray met the technician near 147 Market Street in Birmingham AL. The record mentions possible sensitive contact details and should be reviewed before cloud upload.,"This longer free text value is intentionally designed to trigger NLP entity detection. Reese Gray requested that documents be mailed to 147 Market Street, Birmingham AL 30147. The note includes contact information embedded in a sentence rather than clean structured columns.",review
48,Quinn Parker,quinn.parker48@example.com,404-555-1048,148-58-1048,30148,"Customer Quinn Parker called about account access. The customer stated the service address is 123 Main Street, Atlanta GA 30148. Follow up by phone at 404-555-1048 or by email at quinn.parker48@example.com before closing the request.",Field note: Quinn Parker met the technician near 123 Main Street in Atlanta GA. The record mentions possible sensitive contact details and should be reviewed before cloud upload.,"This longer free text value is intentionally designed to trigger NLP entity detection. Quinn Parker requested that documents be mailed to 123 Main Street, Atlanta GA 30148. The note includes contact information embedded in a sentence rather than clean structured columns.",open
49,Alex Adams,alex.adams49@example.com,404-555-1049,149-59-1049,3014,"Customer Alex Adams called about billing question. The customer stated the service address is 789 Pine Avenue, Montgomery AL 30149. Follow up by phone at 404-555-1049 or by email at alex.adams49@example.com before closing the request.",Field note: Alex Adams met the technician near 789 Pine Avenue in Montgomery AL. The record mentions possible sensitive contact details and should be reviewed before cloud upload.,"This longer free text value is intentionally designed to trigger NLP entity detection. Alex Adams requested that documents be mailed to 789 Pine Avenue, Montgomery AL 30149. The note includes contact information embedded in a sentence rather than clean structured columns.",closed
50,Jordan Davis,jordan.davis50@example.com,404-555-1050,150-60-1050,30150,"Customer Jordan Davis called about service transfer. The customer stated the service address is 654 Hillcrest Lane, Nashville TN 30150. Follow up by phone at 404-555-1050 or by email at jordan.davis50@example.com before closing the request.",Field note: Jordan Davis met the technician near 654 Hillcrest Lane in Nashville TN. The record mentions possible sensitive contact details and should be reviewed before cloud upload.,"This longer free text value is intentionally designed to trigger NLP entity detection. Jordan Davis requested that documents be mailed to 654 Hillcrest Lane, Nashville TN 30150. The note includes contact information embedded in a sentence rather than clean structured columns.",pending
51,Taylor Gray,taylor.gray51@example.com,404-555-1051,151-61-1051,30151,"Customer Taylor Gray called about password reset. The customer stated the service address is 147 Market Street, Savannah GA 30151. Follow up by phone at 404-555-1051 or by email at taylor.gray51@example.com before closing the request.",Field note: Taylor Gray met the technician near 147 Market Street in Savannah GA. The record mentions possible sensitive contact details and should be reviewed before cloud upload.,"This longer free text value is intentionally designed to trigger NLP entity detection. Taylor Gray requested that documents be mailed to 147 Market Street, Savannah GA 30151. The note includes contact information embedded in a sentence rather than clean structured columns.",review
52,Morgan Parker,morgan.parker52@example.com,404-555-1052,152-62-1052,30152,"Customer Morgan Parker called about field inspection. The customer stated the service address is 123 Main Street, Charlotte NC 30152. Follow up by phone at 404-555-1052 or by email at morgan.parker52@example.com before closing the request.",Field note: Morgan Parker met the technician near 123 Main Street in Charlotte NC. The record mentions possible sensitive contact details and should be reviewed before cloud upload.,"This longer free text value is intentionally designed to trigger NLP entity detection. Morgan Parker requested that documents be mailed to 123 Main Street, Charlotte NC 30152. The note includes contact information embedded in a sentence rather than clean structured columns.",open
ABC,Casey Adams,casey.adams53@example.com,404-555-1053,153-63-1053,30153,"Customer Casey Adams called about data correction. The customer stated the service address is 789 Pine Avenue, Birmingham AL 30153. Follow up by phone at 404-555-1053 or by email at casey.adams53@example.com before closing the request.",Field note: Casey Adams met the technician near 789 Pine Avenue in Birmingham AL. The record mentions possible sensitive contact details and should be reviewed before cloud upload.,"This longer free text value is intentionally designed to trigger NLP entity detection. Casey Adams requested that documents be mailed to 789 Pine Avenue, Birmingham AL 30153. The note includes contact information embedded in a sentence rather than clean structured columns.",closed
54,Riley Davis,riley.davis54@example.com,404-555-1054,154-64-1054,30154,"Customer Riley Davis called about project approval. The customer stated the service address is 654 Hillcrest Lane, Atlanta GA 30154. Follow up by phone at 404-555-1054 or by email at riley.davis54@example.com before closing the request.",Field note: Riley Davis met the technician near 654 Hillcrest Lane in Atlanta GA. The record mentions possible sensitive contact details and should be reviewed before cloud upload.,"This longer free text value is intentionally designed to trigger NLP entity detection. Riley Davis requested that documents be mailed to 654 Hillcrest Lane, Atlanta GA 30154. The note includes contact information embedded in a sentence rather than clean structured columns.",pending
55,Jamie Gray,alex.adams1@example.com,404-555-1055,155-65-1055,30155,"Customer Jamie Gray called about meter reading dispute. The customer stated the service address is 147 Market Street, Montgomery AL 30155. Follow up by phone at 404-555-1055 or by email at jamie.gray55@example.com before closing the request.",Field note: Jamie Gray met the technician near 147 Market Street in Montgomery AL. The record mentions possible sensitive contact details and should be reviewed before cloud upload.,"This longer free text value is intentionally designed to trigger NLP entity detection. Jamie Gray requested that documents be mailed to 147 Market Street, Montgomery AL 30155. The note includes contact information embedded in a sentence rather than clean structured columns.",review
56,Avery Parker,avery.parker56@example.com,404-555-1056,156-66-1056,30156,"Customer Avery Parker called about account access. The customer stated the service address is 123 Main Street, Nashville TN 30156. Follow up by phone at 404-555-1056 or by email at avery.parker56@example.com before closing the request.",Field note: Avery Parker met the technician near 123 Main Street in Nashville TN. The record mentions possible sensitive contact details and should be reviewed before cloud upload.,"This longer free text value is intentionally designed to trigger NLP entity detection. Avery Parker requested that documents be mailed to 123 Main Street, Nashville TN 30156. The note includes contact information embedded in a sentence rather than clean structured columns.",open
57,Cameron Adams,cameron.adams57@example.com,404-555-1057,157-67-1057,999999,"Customer Cameron Adams called about billing question. The customer stated the service address is 789 Pine Avenue, Savannah GA 30157. Follow up by phone at 404-555-1057 or by email at cameron.adams57@example.com before closing the request.",Field note: Cameron Adams met the technician near 789 Pine Avenue in Savannah GA. The record mentions possible sensitive contact details and should be reviewed before cloud upload.,"This longer free text value is intentionally designed to trigger NLP entity detection. Cameron Adams requested that documents be mailed to 789 Pine Avenue, Savannah GA 30157. The note includes contact information embedded in a sentence rather than clean structured columns.",closed
58,Drew Davis,drew.davis58@example.com,404-555-1058,158-68-1058,30158,"Customer Drew Davis called about service transfer. The customer stated the service address is 654 Hillcrest Lane, Charlotte NC 30158. Follow up by phone at 404-555-1058 or by email at drew.davis58@example.com before closing the request.",Field note: Drew Davis met the technician near 654 Hillcrest Lane in Charlotte NC. The record mentions possible sensitive contact details and should be reviewed before cloud upload.,"This longer free text value is intentionally designed to trigger NLP entity detection. Drew Davis requested that documents be mailed to 654 Hillcrest Lane, Charlotte NC 30158. The note includes contact information embedded in a sentence rather than clean structured columns.",pending
59,Reese Gray,reese.gray59@example.com,404-555-1059,159-69-1059,30159,"Customer Reese Gray called about password reset. The customer stated the service address is 147 Market Street, Birmingham AL 30159. Follow up by phone at 404-555-1059 or by email at reese.gray59@example.com before closing the request.",Field note: Reese Gray met the technician near 147 Market Street in Birmingham AL. The record mentions possible sensitive contact details and should be reviewed before cloud upload.,"This longer free text value is intentionally designed to trigger NLP entity detection. Reese Gray requested that documents be mailed to 147 Market Street, Birmingham AL 30159. The note includes contact information embedded in a sentence rather than clean structured columns.",review
60,Quinn Parker,quinn.parker60@example.com,404-555-1060,160-70-1060,30160,"Customer Quinn Parker called about field inspection. The customer stated the service address is 123 Main Street, Atlanta GA 30160. Follow up by phone at 404-555-1060 or by email at quinn.parker60@example.com before closing the request.",Field note: Quinn Parker met the technician near 123 Main Street in Atlanta GA. The record mentions possible sensitive contact details and should be reviewed before cloud upload.,"This longer free text value is intentionally designed to trigger NLP entity detection. Quinn Parker requested that documents be mailed to 123 Main Street, Atlanta GA 30160. The note includes contact information embedded in a sentence rather than clean structured columns.",open
61,Alex Adams,not.the.same.customer@example.com,404-555-1061,161-71-1061,30161,"Customer Alex Adams called about data correction. The customer stated the service address is 789 Pine Avenue, Montgomery AL 30161. Follow up by phone at 404-555-1061 or by email at alex.adams61@example.com before closing the request.",Field note: Alex Adams met the technician near 789 Pine Avenue in Montgomery AL. The record mentions possible sensitive contact details and should be reviewed before cloud upload.,"This longer free text value is intentionally designed to trigger NLP entity detection. Alex Adams requested that documents be mailed to 789 Pine Avenue, Montgomery AL 30161. The note includes contact information embedded in a sentence rather than clean structured columns.",closed
62,Jordan Davis,jordan.davis62@example.com,404-555-1062,162-72-1062,30162,"Customer Jordan Davis called about project approval. The customer stated the service address is 654 Hillcrest Lane, Nashville TN 30162. Follow up by phone at 404-555-1062 or by email at jordan.davis62@example.com before closing the request.",Field note: Jordan Davis met the technician near 654 Hillcrest Lane in Nashville TN. The record mentions possible sensitive contact details and should be reviewed before cloud upload.,"This longer free text value is intentionally designed to trigger NLP entity detection. Jordan Davis requested that documents be mailed to 654 Hillcrest Lane, Nashville TN 30162. The note includes contact information embedded in a sentence rather than clean structured columns.",pending
63,Taylor Gray,taylor.gray63@example.com,404-555-1063,163-73-1063,30163,"Customer Taylor Gray called about meter reading dispute. The customer stated the service address is 147 Market Street, Savannah GA 30163. Follow up by phone at 404-555-1063 or by email at taylor.gray63@example.com before closing the request.",Field note: Taylor Gray met the technician near 147 Market Street in Savannah GA. The record mentions possible sensitive contact details and should be reviewed before cloud upload.,"This longer free text value is intentionally designed to trigger NLP entity detection. Taylor Gray requested that documents be mailed to 147 Market Street, Savannah GA 30163. The note includes contact information embedded in a sentence rather than clean structured columns.",review
64,Morgan Parker,morgan.parker64@example.com,404-555-1064,164-74-1064,90210,"Customer Morgan Parker called about account access. The customer stated the service address is 123 Main Street, Charlotte NC 30164. Follow up by phone at 404-555-1064 or by email at morgan.parker64@example.com before closing the request.",Field note: Morgan Parker met the technician near 123 Main Street in Charlotte NC. The record mentions possible sensitive contact details and should be reviewed before cloud upload.,"This longer free text value is intentionally designed to trigger NLP entity detection. Morgan Parker requested that documents be mailed to 123 Main Street, Charlotte NC 30164. The note includes contact information embedded in a sentence rather than clean structured columns.",open
65,Casey Adams,casey.adams65@example.com,404-555-1065,165-75-1065,30165,"Customer Casey Adams called about billing question. The customer stated the service address is 789 Pine Avenue, Birmingham AL 30165. Follow up by phone at 404-555-1065 or by email at casey.adams65@example.com before closing the request.",Field note: Casey Adams met the technician near 789 Pine Avenue in Birmingham AL. The record mentions possible sensitive contact details and should be reviewed before cloud upload.,"This longer free text value is intentionally designed to trigger NLP entity detection. Casey Adams requested that documents be mailed to 789 Pine Avenue, Birmingham AL 30165. The note includes contact information embedded in a sentence rather than clean structured columns.",closed
66,Riley Davis,riley.davis66@example.com,404-555-1066,166-76-1066,30166,"Customer Riley Davis called about service transfer. The customer stated the service address is 654 Hillcrest Lane, Atlanta GA 30166. Follow up by phone at 404-555-1066 or by email at riley.davis66@example.com before closing the request.",Field note: Riley Davis met the technician near 654 Hillcrest Lane in Atlanta GA. The record mentions possible sensitive contact details and should be reviewed before cloud upload.,"This longer free text value is intentionally designed to trigger NLP entity detection. Riley Davis requested that documents be mailed to 654 Hillcrest Lane, Atlanta GA 30166. The note includes contact information embedded in a sentence rather than clean structured columns.",pending
67,Jamie Gray,jamie.gray67@example.com,404-555-1067,167-77-1067,30167,"Customer Jamie Gray called about password reset. The customer stated the service address is 147 Market Street, Montgomery AL 30167. Follow up by phone at 404-555-1067 or by email at jamie.gray67@example.com before closing the request.",Field note: Jamie Gray met the technician near 147 Market Street in Montgomery AL. The record mentions possible sensitive contact details and should be reviewed before cloud upload.,"This longer free text value is intentionally designed to trigger NLP entity detection. Jamie Gray requested that documents be mailed to 147 Market Street, Montgomery AL 30167. The note includes contact information embedded in a sentence rather than clean structured columns.",review
68,Avery Parker,avery.parker68@example.com,404-555-1068,168-78-1068,30168,"Customer Avery Parker called about field inspection. The customer stated the service address is 123 Main Street, Nashville TN 30168. Follow up by phone at 404-555-1068 or by email at avery.parker68@example.com before closing the request.",Field note: Avery Parker met the technician near 123 Main Street in Nashville TN. The record mentions possible sensitive contact details and should be reviewed before cloud upload.,"This longer free text value is intentionally designed to trigger NLP entity detection. Avery Parker requested that documents be mailed to 123 Main Street, Nashville TN 30168. The note includes contact information embedded in a sentence rather than clean structured columns.",open
69,Cameron Adams,cameron.adams69@example.com,404-555-1069,169-79-1069,30169,"Customer Cameron Adams called about data correction. The customer stated the service address is 789 Pine Avenue, Savannah GA 30169. Follow up by phone at 999-999-9999 or by email at wrong.email@example before closing the request.",Field note: Cameron Adams met the technician near 789 Pine Avenue in Savannah GA. The record mentions possible sensitive contact details and should be reviewed before cloud upload.,"This longer free text value is intentionally designed to trigger NLP entity detection. Cameron Adams requested that documents be mailed to 789 Pine Avenue, Savannah GA 30169. The note includes contact information embedded in a sentence rather than clean structured columns.",closed
70,Drew Davis,drew.davis70@example.com,404-555-1070,170-80-1070,30170,"Customer Drew Davis called about project approval. The customer stated the service address is 654 Hillcrest Lane, Charlotte NC 30170. Follow up by phone at 404-555-1070 or by email at drew.davis70@example.com before closing the request.",Field note: Drew Davis met the technician near 654 Hillcrest Lane in Charlotte NC. The record mentions possible sensitive contact details and should be reviewed before cloud upload.,"This longer free text value is intentionally designed to trigger NLP entity detection. Drew Davis requested that documents be mailed to 654 Hillcrest Lane, Charlotte NC 30170. The note includes contact information embedded in a sentence rather than clean structured columns.",pending
71,Reese Gray,reese.gray71@example.com,404-555-1071,171-81-1071,30171,"Customer Reese Gray called about meter reading dispute. The customer stated the service address is 147 Market Street, Birmingham AL 30171. Follow up by phone at 404-555-1071 or by email at reese.gray71@example.com before closing the request.",Field note: Reese Gray met the technician near 147 Market Street in Birmingham AL. The record mentions possible sensitive contact details and should be reviewed before cloud upload.,"This longer free text value is intentionally designed to trigger NLP entity detection. Reese Gray requested that documents be mailed to 147 Market Street, Birmingham AL 30171. The note includes contact information embedded in a sentence rather than clean structured columns.",review
72,Quinn Parker,quinn.parker72@example.com,404-555-1072,172-82-1072,30172,"Customer Quinn Parker called about account access. The customer stated the service address is 123 Main Street, Atlanta GA 30172. Follow up by phone at 404-555-1072 or by email at quinn.parker72@example.com before closing the request.","Field note contains an embedded newline
which may break line-based ingestion if CSV parsing is weak.","This longer free text value is intentionally designed to trigger NLP entity detection. Quinn Parker requested that documents be mailed to 123 Main Street, Atlanta GA 30172. The note includes contact information embedded in a sentence rather than clean structured columns.",open
73,Alex Adams,alex.adams73@example.com,404-555-1073,173-83-1073,30173,"Customer Alex Adams called about billing question. The customer stated the service address is 789 Pine Avenue, Montgomery AL 30173. Follow up by phone at 404-555-1073 or by email at alex.adams73@example.com before closing the request.",Field note: Alex Adams met the technician near 789 Pine Avenue in Montgomery AL. The record mentions possible sensitive contact details and should be reviewed before cloud upload.,"This longer free text value is intentionally designed to trigger NLP entity detection. Alex Adams requested that documents be mailed to 789 Pine Avenue, Montgomery AL 30173. The note includes contact information embedded in a sentence rather than clean structured columns.",closed
74,Jordan Davis,jordan.davis74@example.com,404-555-1074,174-84-1074,30174,"Customer Jordan Davis called about service transfer. The customer stated the service address is 654 Hillcrest Lane, Nashville TN 30174. Follow up by phone at 404-555-1074 or by email at jordan.davis74@example.com before closing the request.",Field note: Jordan Davis met the technician near 654 Hillcrest Lane in Nashville TN. The record mentions possible sensitive contact details and should be reviewed before cloud upload.,N/A,pending
75,Taylor Gray,taylor.gray75@example.com,404-555-1075,175-85-1075,30175,"Customer Taylor Gray called about password reset. The customer stated the service address is 147 Market Street, Savannah GA 30175. Follow up by phone at 404-555-1075 or by email at taylor.gray75@example.com before closing the request.",Field note: Taylor Gray met the technician near 147 Market Street in Savannah GA. The record mentions possible sensitive contact details and should be reviewed before cloud upload.,"This longer free text value is intentionally designed to trigger NLP entity detection. Taylor Gray requested that documents be mailed to 147 Market Street, Savannah GA 30175. The note includes contact information embedded in a sentence rather than clean structured columns.",review
76,Morgan Parker,morgan.parker76@example.com,404-555-1076,176-86-1076,30176,"Customer Morgan Parker called about field inspection. The customer stated the service address is 123 Main Street, Charlotte NC 30176. Follow up by phone at 404-555-1076 or by email at morgan.parker76@example.com before closing the request.",Field note: Morgan Parker met the technician near 123 Main Street in Charlotte NC. The record mentions possible sensitive contact details and should be reviewed before cloud upload.,"This longer free text value is intentionally designed to trigger NLP entity detection. Morgan Parker requested that documents be mailed to 123 Main Street, Charlotte NC 30176. The note includes contact information embedded in a sentence rather than clean structured columns.",open
77,Casey Adams,casey.adams77@example.com,404-555-1077,177-87-1077,30177,Customer Casey Adams called about billing question. ??? ### @@@,Field note: Casey Adams met the technician near 789 Pine Avenue in Birmingham AL. The record mentions possible sensitive contact details and should be reviewed before cloud upload.,"This longer free text value is intentionally designed to trigger NLP entity detection. Casey Adams requested that documents be mailed to 789 Pine Avenue, Birmingham AL 30177. The note includes contact information embedded in a sentence rather than clean structured columns.",closed
78,Riley Davis,riley.davis78@example.com,404-555-1078,178-88-1078,30178,"Customer Riley Davis called about project approval. The customer stated the service address is 654 Hillcrest Lane, Atlanta GA 30178. Follow up by phone at 404-555-1078 or by email at riley.davis78@example.com before closing the request.",Field note: Riley Davis met the technician near 654 Hillcrest Lane in Atlanta GA. The record mentions possible sensitive contact details and should be reviewed before cloud upload.,"This longer free text value is intentionally designed to trigger NLP entity detection. Riley Davis requested that documents be mailed to 654 Hillcrest Lane, Atlanta GA 30178. The note includes contact information embedded in a sentence rather than clean structured columns.",pending
79,Jamie Gray,jamie.gray79@example.com,404-555-1079,179-89-1079,30179,"Customer Jamie Gray called about meter reading dispute. The customer stated the service address is 147 Market Street, Montgomery AL 30179. Follow up by phone at 404-555-1079 or by email at jamie.gray79@example.com before closing the request.",Field note: Jamie Gray met the technician near 147 Market Street. REPEATED TEXT REPEATED TEXT REPEATED TEXT REPEATED TEXT REPEATED TEXT REPEATED TEXT REPEATED TEXT REPEATED TEXT REPEATED TEXT REPEATED TEXT REPEATED TEXT REPEATED TEXT REPEATED TEXT REPEATED TEXT REPEATED TEXT REPEATED TEXT REPEATED TEXT REPEATED TEXT REPEATED TEXT REPEATED TEXT REPEATED TEXT REPEATED TEXT REPEATED TEXT REPEATED TEXT REPEATED TEXT REPEATED TEXT REPEATED TEXT REPEATED TEXT REPEATED TEXT REPEATED TEXT REPEATED TEXT REPEATED TEXT REPEATED TEXT REPEATED TEXT REPEATED TEXT REPEATED TEXT REPEATED TEXT REPEATED TEXT REPEATED TEXT REPEATED TEXT REPEATED TEXT REPEATED TEXT REPEATED TEXT REPEATED TEXT REPEATED TEXT REPEATED TEXT REPEATED TEXT REPEATED TEXT REPEATED TEXT REPEATED TEXT REPEATED TEXT REPEATED TEXT REPEATED TEXT REPEATED TEXT REPEATED TEXT REPEATED TEXT REPEATED TEXT REPEATED TEXT REPEATED TEXT REPEATED TEXT ,"This longer free text value is intentionally designed to trigger NLP entity detection. Jamie Gray requested that documents be mailed to 147 Market Street, Montgomery AL 30179. The note includes contact information embedded in a sentence rather than clean structured columns.",review
80,Avery Parker,avery.parker80@example.com,404-555-1080,180-90-1080,30180,"Customer Avery Parker called about account access. The customer stated the service address is 123 Main Street, Nashville TN 30180. Follow up by phone at 404-555-1080 or by email at avery.parker80@example.com before closing the request.",Field note: Avery Parker met the technician near 123 Main Street in Nashville TN. The record mentions possible sensitive contact details and should be reviewed before cloud upload.,"This longer free text value is intentionally designed to trigger NLP entity detection. Avery Parker requested that documents be mailed to 123 Main Street, Nashville TN 30180. The note includes contact information embedded in a sentence rather than clean structured columns.",open
5,Casey Adams,casey.adams5.example.com,404-555-1005,105-15-1005,30105,"Customer Casey Adams called about data correction. The customer stated the service address is 789 Pine Avenue, Birmingham AL 30105. Follow up by phone at 404-555-1005 or by email at casey.adams5@example.com before closing the request.",Field note: Casey Adams met the technician near 789 Pine Avenue in Birmingham AL. The record mentions possible sensitive contact details and should be reviewed before cloud upload.,"This longer free text value is intentionally designed to trigger NLP entity detection. Casey Adams requested that documents be mailed to 789 Pine Avenue, Birmingham AL 30105. The note includes contact information embedded in a sentence rather than clean structured columns.",closed
20,Avery Parker,avery.parker20@example.com,404-555-1020,120-30-1020,30120,"Customer Avery Parker called about field inspection. The customer stated the service address is 123 Main Street, Nashville TN 30120. Follow up by phone at 404-555-1020 or by email at avery.parker20@example.com before closing the request. Duplicate test row.",Field note: Avery Parker met the technician near 123 Main Street in Nashville TN. The record mentions possible sensitive contact details and should be reviewed before cloud upload.,"This longer free text value is intentionally designed to trigger NLP entity detection. Avery Parker requested that documents be mailed to 123 Main Street, Nashville TN 30120. The note includes contact information embedded in a sentence rather than clean structured columns.",open
