name,email,phone,ssn
Test User 1,user1@example.com,4045551001,101-11-1001
Test User 2,user2@example.com,4045551002,102-12-1002
Test User 3,user3@example.com,4045551003,103-13-1003
Test User 4,user4@example.com,4045551004,104-14-1004
Test User 5,user5@example.com,4045551005,105-15-1005
Test User 6,user6@example.com,4045551006,106-16-1006
Test User 7,user7@example.com,4045551007,107-17-1007
Test User 8,user8@example.com,4045551008,108-18-1008
Test User 9,user9@example.com,4045551009,109-19-1009
Test User 10,user10@example.com,4045551010,110-20-1010
Test User 11,user11@example.com,4045551011,111-21-1011
Test User 12,user12@example.com,4045551012,112-22-1012
Test User 13,user13@example.com,4045551013,113-23-1013
Test User 14,user14@example.com,4045551014,114-24-1014
Test User 15,user15@example.com,4045551015,115-25-1015
Test User 16,user16@example.com,4045551016,116-26-1016
Test User 17,user17@example.com,4045551017,117-27-1017
Test User 18,user18@example.com,4045551018,118-28-1018
Test User 19,user19@example.com,4045551019,119-29-1019
Test User 20,user20@example.com,4045551020,120-30-1020
Test User 21,user21@example.com,4045551021,121-31-1021
Test User 22,user22@example.com,4045551022,122-32-1022
Test User 23,user23@example.com,4045551023,123-33-1023
Test User 24,user24@example.com,4045551024,124-34-1024
Test User 25,user25@example.com,4045551025,125-35-1025
Test User 26,user26@example.com,4045551026,126-36-1026
Test User 27,user27@example.com,4045551027,127-37-1027
Test User 28,user28@example.com,4045551028,128-38-1028
Test User 29,user29@example.com,4045551029,129-39-1029
Test User 30,user30@example.com,4045551030,130-40-1030
Test User 31,user31@example.com,4045551031,131-41-1031
Test User 32,user32@example.com,4045551032,132-42-1032
Test User 33,user33@example.com,4045551033,133-43-1033
Test User 34,user34@example.com,4045551034,134-44-1034
Test User 35,user35@example.com,4045551035,135-45-1035
Test User 36,user36@example.com,4045551036,136-46-1036
Test User 37,user37@example.com,4045551037,137-47-1037
Test User 38,user38@example.com,4045551038,138-48-1038
Test User 39,user39@example.com,4045551039,139-49-1039
Test User 40,user40@example.com,4045551040,140-50-1040
Test User 41,user41@example.com,4045551041,141-51-1041
Test User 42,user42@example.com,4045551042,142-52-1042
Test User 43,user43@example.com,4045551043,143-53-1043
Test User 44,user44@example.com,4045551044,144-54-1044
Test User 45,user45@example.com,4045551045,145-55-1045
Test User 46,user46@example.com,4045551046,146-56-1046
Test User 47,user47@example.com,4045551047,147-57-1047
Test User 48,user48@example.com,4045551048,148-58-1048
Test User 49,user49@example.com,4045551049,149-59-1049
Test User 50,user50@example.com,4045551050,150-60-1050
